Feature,Coefficient
total_messages,1.7965828165521707e-16
avg_msg_length,2.7755575615628914e-17
avg_word_count,-5.898059818321144e-17
past_sentiment_score,1.0000000000000007
