Metric,Value
R2,1.0
MSE,5.956543033452974e-30
RMSE,2.4406030061140575e-15
MAE,1.9673267040675425e-15
